id,kode_provinsi,nama_provinsi,bps_kode_kabupaten_kota,bps_nama_kabupaten_kota,bps_kode_kecamatan,bps_nama_kecamatan,kemendagri_kode_kecamatan,kemendagri_nama_kecamatan,jumlah_wajib_ktp,satuan,semester,tahun
1,32,JAWA BARAT,3273,KOTA BANDUNG,3273250,SUKASARI,32.73.01,SUKASARI,54380,ORANG,1,2017
2,32,JAWA BARAT,3273,KOTA BANDUNG,3273230,COBLONG,32.73.02,COBLONG,80878,ORANG,1,2017
3,32,JAWA BARAT,3273,KOTA BANDUNG,3273020,BABAKAN CIPARAY,32.73.03,BABAKAN CIPARAY,93401,ORANG,1,2017
4,32,JAWA BARAT,3273,KOTA BANDUNG,3273030,BOJONGLOA KALER,32.73.04,BOJONGLOA KALER,85814,ORANG,1,2017
5,32,JAWA BARAT,3273,KOTA BANDUNG,3273180,ANDIR,32.73.05,ANDIR,72348,ORANG,1,2017
6,32,JAWA BARAT,3273,KOTA BANDUNG,3273190,CICENDO,32.73.06,CICENDO,69149,ORANG,1,2017
7,32,JAWA BARAT,3273,KOTA BANDUNG,3273240,SUKAJADI,32.73.07,SUKAJADI,72303,ORANG,1,2017
8,32,JAWA BARAT,3273,KOTA BANDUNG,3273260,CIDADAP,32.73.08,CIDADAP,37684,ORANG,1,2017
9,32,JAWA BARAT,3273,KOTA BANDUNG,3273200,BANDUNG WETAN,32.73.09,BANDUNG WETAN,22880,ORANG,1,2017
10,32,JAWA BARAT,3273,KOTA BANDUNG,3273050,ASTANAANYAR,32.73.10,ASTANA ANYAR,54301,ORANG,1,2017
11,32,JAWA BARAT,3273,KOTA BANDUNG,3273060,REGOL,32.73.11,REGOL,59727,ORANG,1,2017
12,32,JAWA BARAT,3273,KOTA BANDUNG,3273160,BATUNUNGGAL,32.73.12,BATUNUNGGAL,85546,ORANG,1,2017
13,32,JAWA BARAT,3273,KOTA BANDUNG,3273070,LENGKONG,32.73.13,LENGKONG,53644,ORANG,1,2017
14,32,JAWA BARAT,3273,KOTA BANDUNG,3273210,CIBEUNYING KIDUL,32.73.14,CIBEUNYING KIDUL,79301,ORANG,1,2017
15,32,JAWA BARAT,3273,KOTA BANDUNG,3273010,BANDUNG KULON,32.73.15,BANDUNG KULON,92471,ORANG,1,2017
16,32,JAWA BARAT,3273,KOTA BANDUNG,3273150,KIARACONDONG,32.73.16,KIARACONDONG,88661,ORANG,1,2017
17,32,JAWA BARAT,3273,KOTA BANDUNG,3273040,BOJONGLOA KIDUL,32.73.17,BOJONGLOA KIDUL,59833,ORANG,1,2017
18,32,JAWA BARAT,3273,KOTA BANDUNG,3273220,CIBEUNYING KALER,32.73.18,CIBEUNYING KALER,50226,ORANG,1,2017
19,32,JAWA BARAT,3273,KOTA BANDUNG,3273170,SUMUR BANDUNG,32.73.19,SUMUR BANDUNG,26535,ORANG,1,2017
20,32,JAWA BARAT,3273,KOTA BANDUNG,3273141,ANTAPANI,32.73.20,ANTAPANI,55616,ORANG,1,2017
21,32,JAWA BARAT,3273,KOTA BANDUNG,3273080,BANDUNG KIDUL,32.73.21,BANDUNG KIDUL,41244,ORANG,1,2017
22,32,JAWA BARAT,3273,KOTA BANDUNG,3273090,BUAHBATU,32.73.22,BUAHBATU,70999,ORANG,1,2017
23,32,JAWA BARAT,3273,KOTA BANDUNG,3273100,RANCASARI,32.73.23,RANCASARI,57978,ORANG,1,2017
24,32,JAWA BARAT,3273,KOTA BANDUNG,3273130,ARCAMANIK,32.73.24,ARCAMANIK,51891,ORANG,1,2017
25,32,JAWA BARAT,3273,KOTA BANDUNG,3273110,CIBIRU,32.73.25,CIBIRU,50149,ORANG,1,2017
26,32,JAWA BARAT,3273,KOTA BANDUNG,3273120,UJUNG BERUNG,32.73.26,UJUNGBERUNG,56769,ORANG,1,2017
27,32,JAWA BARAT,3273,KOTA BANDUNG,3273101,GEDEBAGE,32.73.27,GEDEBAGE,26815,ORANG,1,2017
28,32,JAWA BARAT,3273,KOTA BANDUNG,3273111,PANYILEUKAN,32.73.28,PANYILEUKAN,27990,ORANG,1,2017
29,32,JAWA BARAT,3273,KOTA BANDUNG,3273121,CINAMBO,32.73.29,CINAMBO,17118,ORANG,1,2017
30,32,JAWA BARAT,3273,KOTA BANDUNG,3273142,MANDALAJATI,32.73.30,MANDALAJATI,47503,ORANG,1,2017
31,32,JAWA BARAT,3273,KOTA BANDUNG,3273250,SUKASARI,32.73.01,SUKASARI,55642,ORANG,2,2017
32,32,JAWA BARAT,3273,KOTA BANDUNG,3273230,COBLONG,32.73.02,COBLONG,82855,ORANG,2,2017
33,32,JAWA BARAT,3273,KOTA BANDUNG,3273020,BABAKAN CIPARAY,32.73.03,BABAKAN CIPARAY,95593,ORANG,2,2017
34,32,JAWA BARAT,3273,KOTA BANDUNG,3273030,BOJONGLOA KALER,32.73.04,BOJONGLOA KALER,87669,ORANG,2,2017
35,32,JAWA BARAT,3273,KOTA BANDUNG,3273180,ANDIR,32.73.05,ANDIR,73861,ORANG,2,2017
36,32,JAWA BARAT,3273,KOTA BANDUNG,3273190,CICENDO,32.73.06,CICENDO,70565,ORANG,2,2017
37,32,JAWA BARAT,3273,KOTA BANDUNG,3273240,SUKAJADI,32.73.07,SUKAJADI,73917,ORANG,2,2017
38,32,JAWA BARAT,3273,KOTA BANDUNG,3273260,CIDADAP,32.73.08,CIDADAP,38475,ORANG,2,2017
39,32,JAWA BARAT,3273,KOTA BANDUNG,3273200,BANDUNG WETAN,32.73.09,BANDUNG WETAN,23089,ORANG,2,2017
40,32,JAWA BARAT,3273,KOTA BANDUNG,3273050,ASTANAANYAR,32.73.10,ASTANA ANYAR,55112,ORANG,2,2017
41,32,JAWA BARAT,3273,KOTA BANDUNG,3273060,REGOL,32.73.11,REGOL,60948,ORANG,2,2017
42,32,JAWA BARAT,3273,KOTA BANDUNG,3273160,BATUNUNGGAL,32.73.12,BATUNUNGGAL,87365,ORANG,2,2017
43,32,JAWA BARAT,3273,KOTA BANDUNG,3273070,LENGKONG,32.73.13,LENGKONG,54271,ORANG,2,2017
44,32,JAWA BARAT,3273,KOTA BANDUNG,3273210,CIBEUNYING KIDUL,32.73.14,CIBEUNYING KIDUL,80689,ORANG,2,2017
45,32,JAWA BARAT,3273,KOTA BANDUNG,3273010,BANDUNG KULON,32.73.15,BANDUNG KULON,94574,ORANG,2,2017
46,32,JAWA BARAT,3273,KOTA BANDUNG,3273150,KIARACONDONG,32.73.16,KIARACONDONG,91583,ORANG,2,2017
47,32,JAWA BARAT,3273,KOTA BANDUNG,3273040,BOJONGLOA KIDUL,32.73.17,BOJONGLOA KIDUL,60912,ORANG,2,2017
48,32,JAWA BARAT,3273,KOTA BANDUNG,3273220,CIBEUNYING KALER,32.73.18,CIBEUNYING KALER,51152,ORANG,2,2017
49,32,JAWA BARAT,3273,KOTA BANDUNG,3273170,SUMUR BANDUNG,32.73.19,SUMUR BANDUNG,27109,ORANG,2,2017
50,32,JAWA BARAT,3273,KOTA BANDUNG,3273141,ANTAPANI,32.73.20,ANTAPANI,56703,ORANG,2,2017
51,32,JAWA BARAT,3273,KOTA BANDUNG,3273080,BANDUNG KIDUL,32.73.21,BANDUNG KIDUL,42250,ORANG,2,2017
52,32,JAWA BARAT,3273,KOTA BANDUNG,3273090,BUAHBATU,32.73.22,BUAHBATU,72482,ORANG,2,2017
53,32,JAWA BARAT,3273,KOTA BANDUNG,3273100,RANCASARI,32.73.23,RANCASARI,59755,ORANG,2,2017
54,32,JAWA BARAT,3273,KOTA BANDUNG,3273130,ARCAMANIK,32.73.24,ARCAMANIK,53226,ORANG,2,2017
55,32,JAWA BARAT,3273,KOTA BANDUNG,3273110,CIBIRU,32.73.25,CIBIRU,51513,ORANG,2,2017
56,32,JAWA BARAT,3273,KOTA BANDUNG,3273120,UJUNG BERUNG,32.73.26,UJUNGBERUNG,58423,ORANG,2,2017
57,32,JAWA BARAT,3273,KOTA BANDUNG,3273101,GEDEBAGE,32.73.27,GEDEBAGE,27556,ORANG,2,2017
58,32,JAWA BARAT,3273,KOTA BANDUNG,3273111,PANYILEUKAN,32.73.28,PANYILEUKAN,28557,ORANG,2,2017
59,32,JAWA BARAT,3273,KOTA BANDUNG,3273121,CINAMBO,32.73.29,CINAMBO,17430,ORANG,2,2017
60,32,JAWA BARAT,3273,KOTA BANDUNG,3273142,MANDALAJATI,32.73.30,MANDALAJATI,48793,ORANG,2,2017
61,32,JAWA BARAT,3273,KOTA BANDUNG,3273250,SUKASARI,32.73.01,SUKASARI,57404,ORANG,1,2018
62,32,JAWA BARAT,3273,KOTA BANDUNG,3273230,COBLONG,32.73.02,COBLONG,84486,ORANG,1,2018
63,32,JAWA BARAT,3273,KOTA BANDUNG,3273020,BABAKAN CIPARAY,32.73.03,BABAKAN CIPARAY,98871,ORANG,1,2018
64,32,JAWA BARAT,3273,KOTA BANDUNG,3273030,BOJONGLOA KALER,32.73.04,BOJONGLOA KALER,89981,ORANG,1,2018
65,32,JAWA BARAT,3273,KOTA BANDUNG,3273180,ANDIR,32.73.05,ANDIR,75185,ORANG,1,2018
66,32,JAWA BARAT,3273,KOTA BANDUNG,3273190,CICENDO,32.73.06,CICENDO,71599,ORANG,1,2018
67,32,JAWA BARAT,3273,KOTA BANDUNG,3273240,SUKAJADI,32.73.07,SUKAJADI,75230,ORANG,1,2018
68,32,JAWA BARAT,3273,KOTA BANDUNG,3273260,CIDADAP,32.73.08,CIDADAP,39291,ORANG,1,2018
69,32,JAWA BARAT,3273,KOTA BANDUNG,3273200,BANDUNG WETAN,32.73.09,BANDUNG WETAN,22669,ORANG,1,2018
70,32,JAWA BARAT,3273,KOTA BANDUNG,3273050,ASTANAANYAR,32.73.10,ASTANA ANYAR,56114,ORANG,1,2018
71,32,JAWA BARAT,3273,KOTA BANDUNG,3273060,REGOL,32.73.11,REGOL,61074,ORANG,1,2018
72,32,JAWA BARAT,3273,KOTA BANDUNG,3273160,BATUNUNGGAL,32.73.12,BATUNUNGGAL,89982,ORANG,1,2018
73,32,JAWA BARAT,3273,KOTA BANDUNG,3273070,LENGKONG,32.73.13,LENGKONG,54830,ORANG,1,2018
74,32,JAWA BARAT,3273,KOTA BANDUNG,3273210,CIBEUNYING KIDUL,32.73.14,CIBEUNYING KIDUL,82831,ORANG,1,2018
75,32,JAWA BARAT,3273,KOTA BANDUNG,3273010,BANDUNG KULON,32.73.15,BANDUNG KULON,96486,ORANG,1,2018
76,32,JAWA BARAT,3273,KOTA BANDUNG,3273150,KIARACONDONG,32.73.16,KIARACONDONG,94805,ORANG,1,2018
77,32,JAWA BARAT,3273,KOTA BANDUNG,3273040,BOJONGLOA KIDUL,32.73.17,BOJONGLOA KIDUL,61860,ORANG,1,2018
78,32,JAWA BARAT,3273,KOTA BANDUNG,3273220,CIBEUNYING KALER,32.73.18,CIBEUNYING KALER,52022,ORANG,1,2018
79,32,JAWA BARAT,3273,KOTA BANDUNG,3273170,SUMUR BANDUNG,32.73.19,SUMUR BANDUNG,27496,ORANG,1,2018
80,32,JAWA BARAT,3273,KOTA BANDUNG,3273141,ANTAPANI,32.73.20,ANTAPANI,57857,ORANG,1,2018
81,32,JAWA BARAT,3273,KOTA BANDUNG,3273080,BANDUNG KIDUL,32.73.21,BANDUNG KIDUL,43340,ORANG,1,2018
82,32,JAWA BARAT,3273,KOTA BANDUNG,3273090,BUAHBATU,32.73.22,BUAHBATU,73740,ORANG,1,2018
83,32,JAWA BARAT,3273,KOTA BANDUNG,3273100,RANCASARI,32.73.23,RANCASARI,60543,ORANG,1,2018
84,32,JAWA BARAT,3273,KOTA BANDUNG,3273130,ARCAMANIK,32.73.24,ARCAMANIK,54755,ORANG,1,2018
85,32,JAWA BARAT,3273,KOTA BANDUNG,3273110,CIBIRU,32.73.25,CIBIRU,51923,ORANG,1,2018
86,32,JAWA BARAT,3273,KOTA BANDUNG,3273120,UJUNG BERUNG,32.73.26,UJUNGBERUNG,60421,ORANG,1,2018
87,32,JAWA BARAT,3273,KOTA BANDUNG,3273101,GEDEBAGE,32.73.27,GEDEBAGE,28518,ORANG,1,2018
88,32,JAWA BARAT,3273,KOTA BANDUNG,3273111,PANYILEUKAN,32.73.28,PANYILEUKAN,29041,ORANG,1,2018
89,32,JAWA BARAT,3273,KOTA BANDUNG,3273121,CINAMBO,32.73.29,CINAMBO,17868,ORANG,1,2018
90,32,JAWA BARAT,3273,KOTA BANDUNG,3273142,MANDALAJATI,32.73.30,MANDALAJATI,50020,ORANG,1,2018
91,32,JAWA BARAT,3273,KOTA BANDUNG,3273250,SUKASARI,32.73.01,SUKASARI,56061,ORANG,2,2018
92,32,JAWA BARAT,3273,KOTA BANDUNG,3273230,COBLONG,32.73.02,COBLONG,81821,ORANG,2,2018
93,32,JAWA BARAT,3273,KOTA BANDUNG,3273020,BABAKAN CIPARAY,32.73.03,BABAKAN CIPARAY,95923,ORANG,2,2018
94,32,JAWA BARAT,3273,KOTA BANDUNG,3273030,BOJONGLOA KALER,32.73.04,BOJONGLOA KALER,87298,ORANG,2,2018
95,32,JAWA BARAT,3273,KOTA BANDUNG,3273180,ANDIR,32.73.05,ANDIR,72046,ORANG,2,2018
96,32,JAWA BARAT,3273,KOTA BANDUNG,3273190,CICENDO,32.73.06,CICENDO,69448,ORANG,2,2018
97,32,JAWA BARAT,3273,KOTA BANDUNG,3273240,SUKAJADI,32.73.07,SUKAJADI,73272,ORANG,2,2018
98,32,JAWA BARAT,3273,KOTA BANDUNG,3273260,CIDADAP,32.73.08,CIDADAP,38566,ORANG,2,2018
99,32,JAWA BARAT,3273,KOTA BANDUNG,3273200,BANDUNG WETAN,32.73.09,BANDUNG WETAN,21720,ORANG,2,2018
100,32,JAWA BARAT,3273,KOTA BANDUNG,3273050,ASTANAANYAR,32.73.10,ASTANA ANYAR,54234,ORANG,2,2018
101,32,JAWA BARAT,3273,KOTA BANDUNG,3273060,REGOL,32.73.11,REGOL,58856,ORANG,2,2018
102,32,JAWA BARAT,3273,KOTA BANDUNG,3273160,BATUNUNGGAL,32.73.12,BATUNUNGGAL,87275,ORANG,2,2018
103,32,JAWA BARAT,3273,KOTA BANDUNG,3273070,LENGKONG,32.73.13,LENGKONG,52931,ORANG,2,2018
104,32,JAWA BARAT,3273,KOTA BANDUNG,3273210,CIBEUNYING KIDUL,32.73.14,CIBEUNYING KIDUL,80647,ORANG,2,2018
105,32,JAWA BARAT,3273,KOTA BANDUNG,3273010,BANDUNG KULON,32.73.15,BANDUNG KULON,93090,ORANG,2,2018
106,32,JAWA BARAT,3273,KOTA BANDUNG,3273150,KIARACONDONG,32.73.16,KIARACONDONG,92775,ORANG,2,2018
107,32,JAWA BARAT,3273,KOTA BANDUNG,3273040,BOJONGLOA KIDUL,32.73.17,BOJONGLOA KIDUL,60072,ORANG,2,2018
108,32,JAWA BARAT,3273,KOTA BANDUNG,3273220,CIBEUNYING KALER,32.73.18,CIBEUNYING KALER,50780,ORANG,2,2018
109,32,JAWA BARAT,3273,KOTA BANDUNG,3273170,SUMUR BANDUNG,32.73.19,SUMUR BANDUNG,26782,ORANG,2,2018
110,32,JAWA BARAT,3273,KOTA BANDUNG,3273141,ANTAPANI,32.73.20,ANTAPANI,57079,ORANG,2,2018
111,32,JAWA BARAT,3273,KOTA BANDUNG,3273080,BANDUNG KIDUL,32.73.21,BANDUNG KIDUL,42330,ORANG,2,2018
112,32,JAWA BARAT,3273,KOTA BANDUNG,3273090,BUAHBATU,32.73.22,BUAHBATU,71917,ORANG,2,2018
113,32,JAWA BARAT,3273,KOTA BANDUNG,3273100,RANCASARI,32.73.23,RANCASARI,59387,ORANG,2,2018
114,32,JAWA BARAT,3273,KOTA BANDUNG,3273130,ARCAMANIK,32.73.24,ARCAMANIK,53747,ORANG,2,2018
115,32,JAWA BARAT,3273,KOTA BANDUNG,3273110,CIBIRU,32.73.25,CIBIRU,50724,ORANG,2,2018
116,32,JAWA BARAT,3273,KOTA BANDUNG,3273120,UJUNG BERUNG,32.73.26,UJUNGBERUNG,59584,ORANG,2,2018
117,32,JAWA BARAT,3273,KOTA BANDUNG,3273101,GEDEBAGE,32.73.27,GEDEBAGE,27959,ORANG,2,2018
118,32,JAWA BARAT,3273,KOTA BANDUNG,3273111,PANYILEUKAN,32.73.28,PANYILEUKAN,28673,ORANG,2,2018
119,32,JAWA BARAT,3273,KOTA BANDUNG,3273121,CINAMBO,32.73.29,CINAMBO,17614,ORANG,2,2018
120,32,JAWA BARAT,3273,KOTA BANDUNG,3273142,MANDALAJATI,32.73.30,MANDALAJATI,48924,ORANG,2,2018
121,32,JAWA BARAT,3273,KOTA BANDUNG,3273250,SUKASARI,32.73.01,SUKASARI,56738,ORANG,1,2019
122,32,JAWA BARAT,3273,KOTA BANDUNG,3273230,COBLONG,32.73.02,COBLONG,83162,ORANG,1,2019
123,32,JAWA BARAT,3273,KOTA BANDUNG,3273020,BABAKAN CIPARAY,32.73.03,BABAKAN CIPARAY,97466,ORANG,1,2019
124,32,JAWA BARAT,3273,KOTA BANDUNG,3273030,BOJONGLOA KALER,32.73.04,BOJONGLOA KALER,88425,ORANG,1,2019
125,32,JAWA BARAT,3273,KOTA BANDUNG,3273180,ANDIR,32.73.05,ANDIR,72934,ORANG,1,2019
126,32,JAWA BARAT,3273,KOTA BANDUNG,3273190,CICENDO,32.73.06,CICENDO,70538,ORANG,1,2019
127,32,JAWA BARAT,3273,KOTA BANDUNG,3273240,SUKAJADI,32.73.07,SUKAJADI,74057,ORANG,1,2019
128,32,JAWA BARAT,3273,KOTA BANDUNG,3273260,CIDADAP,32.73.08,CIDADAP,39189,ORANG,1,2019
129,32,JAWA BARAT,3273,KOTA BANDUNG,3273200,BANDUNG WETAN,32.73.09,BANDUNG WETAN,21917,ORANG,1,2019
130,32,JAWA BARAT,3273,KOTA BANDUNG,3273050,ASTANAANYAR,32.73.10,ASTANA ANYAR,55007,ORANG,1,2019
131,32,JAWA BARAT,3273,KOTA BANDUNG,3273060,REGOL,32.73.11,REGOL,59549,ORANG,1,2019
132,32,JAWA BARAT,3273,KOTA BANDUNG,3273160,BATUNUNGGAL,32.73.12,BATUNUNGGAL,88588,ORANG,1,2019
133,32,JAWA BARAT,3273,KOTA BANDUNG,3273070,LENGKONG,32.73.13,LENGKONG,53440,ORANG,1,2019
134,32,JAWA BARAT,3273,KOTA BANDUNG,3273210,CIBEUNYING KIDUL,32.73.14,CIBEUNYING KIDUL,82033,ORANG,1,2019
135,32,JAWA BARAT,3273,KOTA BANDUNG,3273010,BANDUNG KULON,32.73.15,BANDUNG KULON,94660,ORANG,1,2019
136,32,JAWA BARAT,3273,KOTA BANDUNG,3273150,KIARACONDONG,32.73.16,KIARACONDONG,94258,ORANG,1,2019
137,32,JAWA BARAT,3273,KOTA BANDUNG,3273040,BOJONGLOA KIDUL,32.73.17,BOJONGLOA KIDUL,61148,ORANG,1,2019
138,32,JAWA BARAT,3273,KOTA BANDUNG,3273220,CIBEUNYING KALER,32.73.18,CIBEUNYING KALER,51382,ORANG,1,2019
139,32,JAWA BARAT,3273,KOTA BANDUNG,3273170,SUMUR BANDUNG,32.73.19,SUMUR BANDUNG,27217,ORANG,1,2019
140,32,JAWA BARAT,3273,KOTA BANDUNG,3273141,ANTAPANI,32.73.20,ANTAPANI,57850,ORANG,1,2019
141,32,JAWA BARAT,3273,KOTA BANDUNG,3273080,BANDUNG KIDUL,32.73.21,BANDUNG KIDUL,43042,ORANG,1,2019
142,32,JAWA BARAT,3273,KOTA BANDUNG,3273090,BUAHBATU,32.73.22,BUAHBATU,73111,ORANG,1,2019
143,32,JAWA BARAT,3273,KOTA BANDUNG,3273100,RANCASARI,32.73.23,RANCASARI,60173,ORANG,1,2019
144,32,JAWA BARAT,3273,KOTA BANDUNG,3273130,ARCAMANIK,32.73.24,ARCAMANIK,54742,ORANG,1,2019
145,32,JAWA BARAT,3273,KOTA BANDUNG,3273110,CIBIRU,32.73.25,CIBIRU,51539,ORANG,1,2019
146,32,JAWA BARAT,3273,KOTA BANDUNG,3273120,UJUNG BERUNG,32.73.26,UJUNGBERUNG,60785,ORANG,1,2019
147,32,JAWA BARAT,3273,KOTA BANDUNG,3273101,GEDEBAGE,32.73.27,GEDEBAGE,28399,ORANG,1,2019
148,32,JAWA BARAT,3273,KOTA BANDUNG,3273111,PANYILEUKAN,32.73.28,PANYILEUKAN,29121,ORANG,1,2019
149,32,JAWA BARAT,3273,KOTA BANDUNG,3273121,CINAMBO,32.73.29,CINAMBO,17863,ORANG,1,2019
150,32,JAWA BARAT,3273,KOTA BANDUNG,3273142,MANDALAJATI,32.73.30,MANDALAJATI,49892,ORANG,1,2019
151,32,JAWA BARAT,3273,KOTA BANDUNG,3273250,SUKASARI,32.73.01,SUKASARI,57201,ORANG,2,2019
152,32,JAWA BARAT,3273,KOTA BANDUNG,3273230,COBLONG,32.73.02,COBLONG,83926,ORANG,2,2019
153,32,JAWA BARAT,3273,KOTA BANDUNG,3273020,BABAKAN CIPARAY,32.73.03,BABAKAN CIPARAY,98415,ORANG,2,2019
154,32,JAWA BARAT,3273,KOTA BANDUNG,3273030,BOJONGLOA KALER,32.73.04,BOJONGLOA KALER,88794,ORANG,2,2019
155,32,JAWA BARAT,3273,KOTA BANDUNG,3273180,ANDIR,32.73.05,ANDIR,73142,ORANG,2,2019
156,32,JAWA BARAT,3273,KOTA BANDUNG,3273190,CICENDO,32.73.06,CICENDO,71009,ORANG,2,2019
157,32,JAWA BARAT,3273,KOTA BANDUNG,3273240,SUKAJADI,32.73.07,SUKAJADI,74323,ORANG,2,2019
158,32,JAWA BARAT,3273,KOTA BANDUNG,3273260,CIDADAP,32.73.08,CIDADAP,39417,ORANG,2,2019
159,32,JAWA BARAT,3273,KOTA BANDUNG,3273200,BANDUNG WETAN,32.73.09,BANDUNG WETAN,22031,ORANG,2,2019
160,32,JAWA BARAT,3273,KOTA BANDUNG,3273050,ASTANAANYAR,32.73.10,ASTANA ANYAR,55250,ORANG,2,2019
161,32,JAWA BARAT,3273,KOTA BANDUNG,3273060,REGOL,32.73.11,REGOL,59951,ORANG,2,2019
162,32,JAWA BARAT,3273,KOTA BANDUNG,3273160,BATUNUNGGAL,32.73.12,BATUNUNGGAL,89021,ORANG,2,2019
163,32,JAWA BARAT,3273,KOTA BANDUNG,3273070,LENGKONG,32.73.13,LENGKONG,53944,ORANG,2,2019
164,32,JAWA BARAT,3273,KOTA BANDUNG,3273210,CIBEUNYING KIDUL,32.73.14,CIBEUNYING KIDUL,82745,ORANG,2,2019
165,32,JAWA BARAT,3273,KOTA BANDUNG,3273010,BANDUNG KULON,32.73.15,BANDUNG KULON,95193,ORANG,2,2019
166,32,JAWA BARAT,3273,KOTA BANDUNG,3273150,KIARACONDONG,32.73.16,KIARACONDONG,94876,ORANG,2,2019
167,32,JAWA BARAT,3273,KOTA BANDUNG,3273040,BOJONGLOA KIDUL,32.73.17,BOJONGLOA KIDUL,61408,ORANG,2,2019
168,32,JAWA BARAT,3273,KOTA BANDUNG,3273220,CIBEUNYING KALER,32.73.18,CIBEUNYING KALER,51806,ORANG,2,2019
169,32,JAWA BARAT,3273,KOTA BANDUNG,3273170,SUMUR BANDUNG,32.73.19,SUMUR BANDUNG,27543,ORANG,2,2019
170,32,JAWA BARAT,3273,KOTA BANDUNG,3273141,ANTAPANI,32.73.20,ANTAPANI,58262,ORANG,2,2019
171,32,JAWA BARAT,3273,KOTA BANDUNG,3273080,BANDUNG KIDUL,32.73.21,BANDUNG KIDUL,43383,ORANG,2,2019
172,32,JAWA BARAT,3273,KOTA BANDUNG,3273090,BUAHBATU,32.73.22,BUAHBATU,73909,ORANG,2,2019
173,32,JAWA BARAT,3273,KOTA BANDUNG,3273100,RANCASARI,32.73.23,RANCASARI,60906,ORANG,2,2019
174,32,JAWA BARAT,3273,KOTA BANDUNG,3273130,ARCAMANIK,32.73.24,ARCAMANIK,55358,ORANG,2,2019
175,32,JAWA BARAT,3273,KOTA BANDUNG,3273110,CIBIRU,32.73.25,CIBIRU,51884,ORANG,2,2019
176,32,JAWA BARAT,3273,KOTA BANDUNG,3273120,UJUNG BERUNG,32.73.26,UJUNGBERUNG,61385,ORANG,2,2019
177,32,JAWA BARAT,3273,KOTA BANDUNG,3273101,GEDEBAGE,32.73.27,GEDEBAGE,28717,ORANG,2,2019
178,32,JAWA BARAT,3273,KOTA BANDUNG,3273111,PANYILEUKAN,32.73.28,PANYILEUKAN,29328,ORANG,2,2019
179,32,JAWA BARAT,3273,KOTA BANDUNG,3273121,CINAMBO,32.73.29,CINAMBO,18024,ORANG,2,2019
180,32,JAWA BARAT,3273,KOTA BANDUNG,3273142,MANDALAJATI,32.73.30,MANDALAJATI,50434,ORANG,2,2019
181,32,JAWA BARAT,3273,KOTA BANDUNG,3273250,SUKASARI,32.73.01,SUKASARI,57761,ORANG,1,2020
182,32,JAWA BARAT,3273,KOTA BANDUNG,3273230,COBLONG,32.73.02,COBLONG,84792,ORANG,1,2020
183,32,JAWA BARAT,3273,KOTA BANDUNG,3273020,BABAKAN CIPARAY,32.73.03,BABAKAN CIPARAY,99483,ORANG,1,2020
184,32,JAWA BARAT,3273,KOTA BANDUNG,3273030,BOJONGLOA KALER,32.73.04,BOJONGLOA KALER,89450,ORANG,1,2020
185,32,JAWA BARAT,3273,KOTA BANDUNG,3273180,ANDIR,32.73.05,ANDIR,73752,ORANG,1,2020
186,32,JAWA BARAT,3273,KOTA BANDUNG,3273190,CICENDO,32.73.06,CICENDO,71797,ORANG,1,2020
187,32,JAWA BARAT,3273,KOTA BANDUNG,3273240,SUKAJADI,32.73.07,SUKAJADI,75116,ORANG,1,2020
188,32,JAWA BARAT,3273,KOTA BANDUNG,3273260,CIDADAP,32.73.08,CIDADAP,39903,ORANG,1,2020
189,32,JAWA BARAT,3273,KOTA BANDUNG,3273200,BANDUNG WETAN,32.73.09,BANDUNG WETAN,22208,ORANG,1,2020
190,32,JAWA BARAT,3273,KOTA BANDUNG,3273050,ASTANAANYAR,32.73.10,ASTANA ANYAR,55523,ORANG,1,2020
191,32,JAWA BARAT,3273,KOTA BANDUNG,3273060,REGOL,32.73.11,REGOL,60598,ORANG,1,2020
192,32,JAWA BARAT,3273,KOTA BANDUNG,3273160,BATUNUNGGAL,32.73.12,BATUNUNGGAL,89904,ORANG,1,2020
193,32,JAWA BARAT,3273,KOTA BANDUNG,3273070,LENGKONG,32.73.13,LENGKONG,54314,ORANG,1,2020
194,32,JAWA BARAT,3273,KOTA BANDUNG,3273210,CIBEUNYING KIDUL,32.73.14,CIBEUNYING KIDUL,83371,ORANG,1,2020
195,32,JAWA BARAT,3273,KOTA BANDUNG,3273010,BANDUNG KULON,32.73.15,BANDUNG KULON,96135,ORANG,1,2020
196,32,JAWA BARAT,3273,KOTA BANDUNG,3273150,KIARACONDONG,32.73.16,KIARACONDONG,95681,ORANG,1,2020
197,32,JAWA BARAT,3273,KOTA BANDUNG,3273040,BOJONGLOA KIDUL,32.73.17,BOJONGLOA KIDUL,62102,ORANG,1,2020
198,32,JAWA BARAT,3273,KOTA BANDUNG,3273220,CIBEUNYING KALER,32.73.18,CIBEUNYING KALER,52190,ORANG,1,2020
199,32,JAWA BARAT,3273,KOTA BANDUNG,3273170,SUMUR BANDUNG,32.73.19,SUMUR BANDUNG,27768,ORANG,1,2020
200,32,JAWA BARAT,3273,KOTA BANDUNG,3273141,ANTAPANI,32.73.20,ANTAPANI,58704,ORANG,1,2020
201,32,JAWA BARAT,3273,KOTA BANDUNG,3273080,BANDUNG KIDUL,32.73.21,BANDUNG KIDUL,43983,ORANG,1,2020
202,32,JAWA BARAT,3273,KOTA BANDUNG,3273090,BUAHBATU,32.73.22,BUAHBATU,74759,ORANG,1,2020
203,32,JAWA BARAT,3273,KOTA BANDUNG,3273100,RANCASARI,32.73.23,RANCASARI,61608,ORANG,1,2020
204,32,JAWA BARAT,3273,KOTA BANDUNG,3273130,ARCAMANIK,32.73.24,ARCAMANIK,56255,ORANG,1,2020
205,32,JAWA BARAT,3273,KOTA BANDUNG,3273110,CIBIRU,32.73.25,CIBIRU,52488,ORANG,1,2020
206,32,JAWA BARAT,3273,KOTA BANDUNG,3273120,UJUNG BERUNG,32.73.26,UJUNGBERUNG,62179,ORANG,1,2020
207,32,JAWA BARAT,3273,KOTA BANDUNG,3273101,GEDEBAGE,32.73.27,GEDEBAGE,29112,ORANG,1,2020
208,32,JAWA BARAT,3273,KOTA BANDUNG,3273111,PANYILEUKAN,32.73.28,PANYILEUKAN,29722,ORANG,1,2020
209,32,JAWA BARAT,3273,KOTA BANDUNG,3273121,CINAMBO,32.73.29,CINAMBO,18261,ORANG,1,2020
210,32,JAWA BARAT,3273,KOTA BANDUNG,3273142,MANDALAJATI,32.73.30,MANDALAJATI,51150,ORANG,1,2020
211,32,JAWA BARAT,3273,KOTA BANDUNG,3273250,SUKASARI,32.73.01,SUKASARI,58556,ORANG,2,2020
212,32,JAWA BARAT,3273,KOTA BANDUNG,3273230,COBLONG,32.73.02,COBLONG,85565,ORANG,2,2020
213,32,JAWA BARAT,3273,KOTA BANDUNG,3273020,BABAKAN CIPARAY,32.73.03,BABAKAN CIPARAY,101970,ORANG,2,2020
214,32,JAWA BARAT,3273,KOTA BANDUNG,3273030,BOJONGLOA KALER,32.73.04,BOJONGLOA KALER,90866,ORANG,2,2020
215,32,JAWA BARAT,3273,KOTA BANDUNG,3273180,ANDIR,32.73.05,ANDIR,74658,ORANG,2,2020
216,32,JAWA BARAT,3273,KOTA BANDUNG,3273190,CICENDO,32.73.06,CICENDO,72280,ORANG,2,2020
217,32,JAWA BARAT,3273,KOTA BANDUNG,3273240,SUKAJADI,32.73.07,SUKAJADI,76741,ORANG,2,2020
218,32,JAWA BARAT,3273,KOTA BANDUNG,3273260,CIDADAP,32.73.08,CIDADAP,40357,ORANG,2,2020
219,32,JAWA BARAT,3273,KOTA BANDUNG,3273200,BANDUNG WETAN,32.73.09,BANDUNG WETAN,22216,ORANG,2,2020
220,32,JAWA BARAT,3273,KOTA BANDUNG,3273050,ASTANAANYAR,32.73.10,ASTANA ANYAR,55735,ORANG,2,2020
221,32,JAWA BARAT,3273,KOTA BANDUNG,3273060,REGOL,32.73.11,REGOL,61452,ORANG,2,2020
222,32,JAWA BARAT,3273,KOTA BANDUNG,3273160,BATUNUNGGAL,32.73.12,BATUNUNGGAL,90375,ORANG,2,2020
223,32,JAWA BARAT,3273,KOTA BANDUNG,3273070,LENGKONG,32.73.13,LENGKONG,54770,ORANG,2,2020
224,32,JAWA BARAT,3273,KOTA BANDUNG,3273210,CIBEUNYING KIDUL,32.73.14,CIBEUNYING KIDUL,83982,ORANG,2,2020
225,32,JAWA BARAT,3273,KOTA BANDUNG,3273010,BANDUNG KULON,32.73.15,BANDUNG KULON,98668,ORANG,2,2020
226,32,JAWA BARAT,3273,KOTA BANDUNG,3273150,KIARACONDONG,32.73.16,KIARACONDONG,97061,ORANG,2,2020
227,32,JAWA BARAT,3273,KOTA BANDUNG,3273040,BOJONGLOA KIDUL,32.73.17,BOJONGLOA KIDUL,63601,ORANG,2,2020
228,32,JAWA BARAT,3273,KOTA BANDUNG,3273220,CIBEUNYING KALER,32.73.18,CIBEUNYING KALER,53130,ORANG,2,2020
229,32,JAWA BARAT,3273,KOTA BANDUNG,3273170,SUMUR BANDUNG,32.73.19,SUMUR BANDUNG,28457,ORANG,2,2020
230,32,JAWA BARAT,3273,KOTA BANDUNG,3273141,ANTAPANI,32.73.20,ANTAPANI,59870,ORANG,2,2020
231,32,JAWA BARAT,3273,KOTA BANDUNG,3273080,BANDUNG KIDUL,32.73.21,BANDUNG KIDUL,45063,ORANG,2,2020
232,32,JAWA BARAT,3273,KOTA BANDUNG,3273090,BUAHBATU,32.73.22,BUAHBATU,76531,ORANG,2,2020
233,32,JAWA BARAT,3273,KOTA BANDUNG,3273100,RANCASARI,32.73.23,RANCASARI,62966,ORANG,2,2020
234,32,JAWA BARAT,3273,KOTA BANDUNG,3273130,ARCAMANIK,32.73.24,ARCAMANIK,57622,ORANG,2,2020
235,32,JAWA BARAT,3273,KOTA BANDUNG,3273110,CIBIRU,32.73.25,CIBIRU,54018,ORANG,2,2020
236,32,JAWA BARAT,3273,KOTA BANDUNG,3273120,UJUNG BERUNG,32.73.26,UJUNGBERUNG,64009,ORANG,2,2020
237,32,JAWA BARAT,3273,KOTA BANDUNG,3273101,GEDEBAGE,32.73.27,GEDEBAGE,29949,ORANG,2,2020
238,32,JAWA BARAT,3273,KOTA BANDUNG,3273111,PANYILEUKAN,32.73.28,PANYILEUKAN,30361,ORANG,2,2020
239,32,JAWA BARAT,3273,KOTA BANDUNG,3273121,CINAMBO,32.73.29,CINAMBO,18553,ORANG,2,2020
240,32,JAWA BARAT,3273,KOTA BANDUNG,3273142,MANDALAJATI,32.73.30,MANDALAJATI,52393,ORANG,2,2020
241,32,JAWA BARAT,3273,KOTA BANDUNG,3273250,SUKASARI,32.73.01,SUKASARI,58176,ORANG,1,2021
242,32,JAWA BARAT,3273,KOTA BANDUNG,3273230,COBLONG,32.73.02,COBLONG,85390,ORANG,1,2021
243,32,JAWA BARAT,3273,KOTA BANDUNG,3273020,BABAKAN CIPARAY,32.73.03,BABAKAN CIPARAY,102030,ORANG,1,2021
244,32,JAWA BARAT,3273,KOTA BANDUNG,3273030,BOJONGLOA KALER,32.73.04,BOJONGLOA KALER,90609,ORANG,1,2021
245,32,JAWA BARAT,3273,KOTA BANDUNG,3273180,ANDIR,32.73.05,ANDIR,74189,ORANG,1,2021
246,32,JAWA BARAT,3273,KOTA BANDUNG,3273190,CICENDO,32.73.06,CICENDO,72130,ORANG,1,2021
247,32,JAWA BARAT,3273,KOTA BANDUNG,3273240,SUKAJADI,32.73.07,SUKAJADI,76337,ORANG,1,2021
248,32,JAWA BARAT,3273,KOTA BANDUNG,3273260,CIDADAP,32.73.08,CIDADAP,40356,ORANG,1,2021
249,32,JAWA BARAT,3273,KOTA BANDUNG,3273200,BANDUNG WETAN,32.73.09,BANDUNG WETAN,22132,ORANG,1,2021
250,32,JAWA BARAT,3273,KOTA BANDUNG,3273050,ASTANAANYAR,32.73.10,ASTANA ANYAR,55213,ORANG,1,2021
251,32,JAWA BARAT,3273,KOTA BANDUNG,3273060,REGOL,32.73.11,REGOL,61288,ORANG,1,2021
252,32,JAWA BARAT,3273,KOTA BANDUNG,3273160,BATUNUNGGAL,32.73.12,BATUNUNGGAL,90028,ORANG,1,2021
253,32,JAWA BARAT,3273,KOTA BANDUNG,3273070,LENGKONG,32.73.13,LENGKONG,54388,ORANG,1,2021
254,32,JAWA BARAT,3273,KOTA BANDUNG,3273210,CIBEUNYING KIDUL,32.73.14,CIBEUNYING KIDUL,83838,ORANG,1,2021
255,32,JAWA BARAT,3273,KOTA BANDUNG,3273010,BANDUNG KULON,32.73.15,BANDUNG KULON,98499,ORANG,1,2021
256,32,JAWA BARAT,3273,KOTA BANDUNG,3273150,KIARACONDONG,32.73.16,KIARACONDONG,96880,ORANG,1,2021
257,32,JAWA BARAT,3273,KOTA BANDUNG,3273040,BOJONGLOA KIDUL,32.73.17,BOJONGLOA KIDUL,63538,ORANG,1,2021
258,32,JAWA BARAT,3273,KOTA BANDUNG,3273220,CIBEUNYING KALER,32.73.18,CIBEUNYING KALER,52929,ORANG,1,2021
259,32,JAWA BARAT,3273,KOTA BANDUNG,3273170,SUMUR BANDUNG,32.73.19,SUMUR BANDUNG,28175,ORANG,1,2021
260,32,JAWA BARAT,3273,KOTA BANDUNG,3273141,ANTAPANI,32.73.20,ANTAPANI,59731,ORANG,1,2021
261,32,JAWA BARAT,3273,KOTA BANDUNG,3273080,BANDUNG KIDUL,32.73.21,BANDUNG KIDUL,44898,ORANG,1,2021
262,32,JAWA BARAT,3273,KOTA BANDUNG,3273090,BUAHBATU,32.73.22,BUAHBATU,76564,ORANG,1,2021
263,32,JAWA BARAT,3273,KOTA BANDUNG,3273100,RANCASARI,32.73.23,RANCASARI,63033,ORANG,1,2021
264,32,JAWA BARAT,3273,KOTA BANDUNG,3273130,ARCAMANIK,32.73.24,ARCAMANIK,57909,ORANG,1,2021
265,32,JAWA BARAT,3273,KOTA BANDUNG,3273110,CIBIRU,32.73.25,CIBIRU,54292,ORANG,1,2021
266,32,JAWA BARAT,3273,KOTA BANDUNG,3273120,UJUNG BERUNG,32.73.26,UJUNGBERUNG,64169,ORANG,1,2021
267,32,JAWA BARAT,3273,KOTA BANDUNG,3273101,GEDEBAGE,32.73.27,GEDEBAGE,30013,ORANG,1,2021
268,32,JAWA BARAT,3273,KOTA BANDUNG,3273111,PANYILEUKAN,32.73.28,PANYILEUKAN,30318,ORANG,1,2021
269,32,JAWA BARAT,3273,KOTA BANDUNG,3273121,CINAMBO,32.73.29,CINAMBO,18497,ORANG,1,2021
270,32,JAWA BARAT,3273,KOTA BANDUNG,3273142,MANDALAJATI,32.73.30,MANDALAJATI,52531,ORANG,1,2021
271,32,JAWA BARAT,3273,KOTA BANDUNG,3273250,SUKASARI,32.73.01,SUKASARI,58176,ORANG,2,2021
272,32,JAWA BARAT,3273,KOTA BANDUNG,3273230,COBLONG,32.73.02,COBLONG,85390,ORANG,2,2021
273,32,JAWA BARAT,3273,KOTA BANDUNG,3273020,BABAKAN CIPARAY,32.73.03,BABAKAN CIPARAY,102030,ORANG,2,2021
274,32,JAWA BARAT,3273,KOTA BANDUNG,3273030,BOJONGLOA KALER,32.73.04,BOJONGLOA KALER,90609,ORANG,2,2021
275,32,JAWA BARAT,3273,KOTA BANDUNG,3273180,ANDIR,32.73.05,ANDIR,74189,ORANG,2,2021
276,32,JAWA BARAT,3273,KOTA BANDUNG,3273190,CICENDO,32.73.06,CICENDO,72130,ORANG,2,2021
277,32,JAWA BARAT,3273,KOTA BANDUNG,3273240,SUKAJADI,32.73.07,SUKAJADI,76337,ORANG,2,2021
278,32,JAWA BARAT,3273,KOTA BANDUNG,3273260,CIDADAP,32.73.08,CIDADAP,40356,ORANG,2,2021
279,32,JAWA BARAT,3273,KOTA BANDUNG,3273200,BANDUNG WETAN,32.73.09,BANDUNG WETAN,22132,ORANG,2,2021
280,32,JAWA BARAT,3273,KOTA BANDUNG,3273050,ASTANAANYAR,32.73.10,ASTANA ANYAR,56018,ORANG,2,2021
281,32,JAWA BARAT,3273,KOTA BANDUNG,3273060,REGOL,32.73.11,REGOL,61891,ORANG,2,2021
282,32,JAWA BARAT,3273,KOTA BANDUNG,3273160,BATUNUNGGAL,32.73.12,BATUNUNGGAL,91288,ORANG,2,2021
283,32,JAWA BARAT,3273,KOTA BANDUNG,3273070,LENGKONG,32.73.13,LENGKONG,55035,ORANG,2,2021
284,32,JAWA BARAT,3273,KOTA BANDUNG,3273210,CIBEUNYING KIDUL,32.73.14,CIBEUNYING KIDUL,85031,ORANG,2,2021
285,32,JAWA BARAT,3273,KOTA BANDUNG,3273010,BANDUNG KULON,32.73.15,BANDUNG KULON,100027,ORANG,2,2021
286,32,JAWA BARAT,3273,KOTA BANDUNG,3273150,KIARACONDONG,32.73.16,KIARACONDONG,98071,ORANG,2,2021
287,32,JAWA BARAT,3273,KOTA BANDUNG,3273040,BOJONGLOA KIDUL,32.73.17,BOJONGLOA KIDUL,64609,ORANG,2,2021
288,32,JAWA BARAT,3273,KOTA BANDUNG,3273220,CIBEUNYING KALER,32.73.18,CIBEUNYING KALER,53688,ORANG,2,2021
289,32,JAWA BARAT,3273,KOTA BANDUNG,3273170,SUMUR BANDUNG,32.73.19,SUMUR BANDUNG,28773,ORANG,2,2021
290,32,JAWA BARAT,3273,KOTA BANDUNG,3273141,ANTAPANI,32.73.20,ANTAPANI,60352,ORANG,2,2021
291,32,JAWA BARAT,3273,KOTA BANDUNG,3273080,BANDUNG KIDUL,32.73.21,BANDUNG KIDUL,45749,ORANG,2,2021
292,32,JAWA BARAT,3273,KOTA BANDUNG,3273090,BUAHBATU,32.73.22,BUAHBATU,77667,ORANG,2,2021
293,32,JAWA BARAT,3273,KOTA BANDUNG,3273100,RANCASARI,32.73.23,RANCASARI,64235,ORANG,2,2021
294,32,JAWA BARAT,3273,KOTA BANDUNG,3273130,ARCAMANIK,32.73.24,ARCAMANIK,59102,ORANG,2,2021
295,32,JAWA BARAT,3273,KOTA BANDUNG,3273110,CIBIRU,32.73.25,CIBIRU,55256,ORANG,2,2021
296,32,JAWA BARAT,3273,KOTA BANDUNG,3273120,UJUNG BERUNG,32.73.26,UJUNGBERUNG,65563,ORANG,2,2021
297,32,JAWA BARAT,3273,KOTA BANDUNG,3273101,GEDEBAGE,32.73.27,GEDEBAGE,30696,ORANG,2,2021
298,32,JAWA BARAT,3273,KOTA BANDUNG,3273111,PANYILEUKAN,32.73.28,PANYILEUKAN,30689,ORANG,2,2021
299,32,JAWA BARAT,3273,KOTA BANDUNG,3273121,CINAMBO,32.73.29,CINAMBO,18756,ORANG,2,2021
300,32,JAWA BARAT,3273,KOTA BANDUNG,3273142,MANDALAJATI,32.73.30,MANDALAJATI,53507,ORANG,2,2021
301,32,JAWA BARAT,3273,KOTA BANDUNG,3273250,SUKASARI,32.73.01,SUKASARI,58256,ORANG,1,2022
302,32,JAWA BARAT,3273,KOTA BANDUNG,3273230,COBLONG,32.73.02,COBLONG,85753,ORANG,1,2022
303,32,JAWA BARAT,3273,KOTA BANDUNG,3273020,BABAKAN CIPARAY,32.73.03,BABAKAN CIPARAY,103021,ORANG,1,2022
304,32,JAWA BARAT,3273,KOTA BANDUNG,3273030,BOJONGLOA KALER,32.73.04,BOJONGLOA KALER,90639,ORANG,1,2022
305,32,JAWA BARAT,3273,KOTA BANDUNG,3273180,ANDIR,32.73.05,ANDIR,74210,ORANG,1,2022
306,32,JAWA BARAT,3273,KOTA BANDUNG,3273190,CICENDO,32.73.06,CICENDO,72343,ORANG,1,2022
307,32,JAWA BARAT,3273,KOTA BANDUNG,3273240,SUKAJADI,32.73.07,SUKAJADI,76785,ORANG,1,2022
308,32,JAWA BARAT,3273,KOTA BANDUNG,3273260,CIDADAP,32.73.08,CIDADAP,40631,ORANG,1,2022
309,32,JAWA BARAT,3273,KOTA BANDUNG,3273200,BANDUNG WETAN,32.73.09,BANDUNG WETAN,22167,ORANG,1,2022
310,32,JAWA BARAT,3273,KOTA BANDUNG,3273050,ASTANAANYAR,32.73.10,ASTANA ANYAR,55322,ORANG,1,2022
311,32,JAWA BARAT,3273,KOTA BANDUNG,3273060,REGOL,32.73.11,REGOL,61292,ORANG,1,2022
312,32,JAWA BARAT,3273,KOTA BANDUNG,3273160,BATUNUNGGAL,32.73.12,BATUNUNGGAL,90402,ORANG,1,2022
313,32,JAWA BARAT,3273,KOTA BANDUNG,3273070,LENGKONG,32.73.13,LENGKONG,54294,ORANG,1,2022
314,32,JAWA BARAT,3273,KOTA BANDUNG,3273210,CIBEUNYING KIDUL,32.73.14,CIBEUNYING KIDUL,84336,ORANG,1,2022
315,32,JAWA BARAT,3273,KOTA BANDUNG,3273010,BANDUNG KULON,32.73.15,BANDUNG KULON,99134,ORANG,1,2022
316,32,JAWA BARAT,3273,KOTA BANDUNG,3273150,KIARACONDONG,32.73.16,KIARACONDONG,97162,ORANG,1,2022
317,32,JAWA BARAT,3273,KOTA BANDUNG,3273040,BOJONGLOA KIDUL,32.73.17,BOJONGLOA KIDUL,64108,ORANG,1,2022
318,32,JAWA BARAT,3273,KOTA BANDUNG,3273220,CIBEUNYING KALER,32.73.18,CIBEUNYING KALER,53174,ORANG,1,2022
319,32,JAWA BARAT,3273,KOTA BANDUNG,3273170,SUMUR BANDUNG,32.73.19,SUMUR BANDUNG,28627,ORANG,1,2022
320,32,JAWA BARAT,3273,KOTA BANDUNG,3273141,ANTAPANI,32.73.20,ANTAPANI,60008,ORANG,1,2022
321,32,JAWA BARAT,3273,KOTA BANDUNG,3273080,BANDUNG KIDUL,32.73.21,BANDUNG KIDUL,45503,ORANG,1,2022
322,32,JAWA BARAT,3273,KOTA BANDUNG,3273090,BUAHBATU,32.73.22,BUAHBATU,77270,ORANG,1,2022
323,32,JAWA BARAT,3273,KOTA BANDUNG,3273100,RANCASARI,32.73.23,RANCASARI,63883,ORANG,1,2022
324,32,JAWA BARAT,3273,KOTA BANDUNG,3273130,ARCAMANIK,32.73.24,ARCAMANIK,59081,ORANG,1,2022
325,32,JAWA BARAT,3273,KOTA BANDUNG,3273110,CIBIRU,32.73.25,CIBIRU,55078,ORANG,1,2022
326,32,JAWA BARAT,3273,KOTA BANDUNG,3273120,UJUNG BERUNG,32.73.26,UJUNGBERUNG,65401,ORANG,1,2022
327,32,JAWA BARAT,3273,KOTA BANDUNG,3273101,GEDEBAGE,32.73.27,GEDEBAGE,30639,ORANG,1,2022
328,32,JAWA BARAT,3273,KOTA BANDUNG,3273111,PANYILEUKAN,32.73.28,PANYILEUKAN,30562,ORANG,1,2022
329,32,JAWA BARAT,3273,KOTA BANDUNG,3273121,CINAMBO,32.73.29,CINAMBO,18630,ORANG,1,2022
330,32,JAWA BARAT,3273,KOTA BANDUNG,3273142,MANDALAJATI,32.73.30,MANDALAJATI,53331,ORANG,1,2022
331,32,JAWA BARAT,3273,KOTA BANDUNG,3273250,SUKASARI,32.73.01,SUKASARI,59168,ORANG,2,2022
332,32,JAWA BARAT,3273,KOTA BANDUNG,3273230,COBLONG,32.73.02,COBLONG,87263,ORANG,2,2022
333,32,JAWA BARAT,3273,KOTA BANDUNG,3273020,BABAKAN CIPARAY,32.73.03,BABAKAN CIPARAY,104956,ORANG,2,2022
334,32,JAWA BARAT,3273,KOTA BANDUNG,3273030,BOJONGLOA KALER,32.73.04,BOJONGLOA KALER,92279,ORANG,2,2022
335,32,JAWA BARAT,3273,KOTA BANDUNG,3273180,ANDIR,32.73.05,ANDIR,75068,ORANG,2,2022
336,32,JAWA BARAT,3273,KOTA BANDUNG,3273190,CICENDO,32.73.06,CICENDO,73385,ORANG,2,2022
337,32,JAWA BARAT,3273,KOTA BANDUNG,3273240,SUKAJADI,32.73.07,SUKAJADI,77946,ORANG,2,2022
338,32,JAWA BARAT,3273,KOTA BANDUNG,3273260,CIDADAP,32.73.08,CIDADAP,41230,ORANG,2,2022
339,32,JAWA BARAT,3273,KOTA BANDUNG,3273200,BANDUNG WETAN,32.73.09,BANDUNG WETAN,22434,ORANG,2,2022
340,32,JAWA BARAT,3273,KOTA BANDUNG,3273050,ASTANAANYAR,32.73.10,ASTANA ANYAR,56010,ORANG,2,2022
341,32,JAWA BARAT,3273,KOTA BANDUNG,3273060,REGOL,32.73.11,REGOL,62203,ORANG,2,2022
342,32,JAWA BARAT,3273,KOTA BANDUNG,3273160,BATUNUNGGAL,32.73.12,BATUNUNGGAL,91772,ORANG,2,2022
343,32,JAWA BARAT,3273,KOTA BANDUNG,3273070,LENGKONG,32.73.13,LENGKONG,55092,ORANG,2,2022
344,32,JAWA BARAT,3273,KOTA BANDUNG,3273210,CIBEUNYING KIDUL,32.73.14,CIBEUNYING KIDUL,85655,ORANG,2,2022
345,32,JAWA BARAT,3273,KOTA BANDUNG,3273010,BANDUNG KULON,32.73.15,BANDUNG KULON,100619,ORANG,2,2022
346,32,JAWA BARAT,3273,KOTA BANDUNG,3273150,KIARACONDONG,32.73.16,KIARACONDONG,98359,ORANG,2,2022
347,32,JAWA BARAT,3273,KOTA BANDUNG,3273040,BOJONGLOA KIDUL,32.73.17,BOJONGLOA KIDUL,65328,ORANG,2,2022
348,32,JAWA BARAT,3273,KOTA BANDUNG,3273220,CIBEUNYING KALER,32.73.18,CIBEUNYING KALER,54104,ORANG,2,2022
349,32,JAWA BARAT,3273,KOTA BANDUNG,3273170,SUMUR BANDUNG,32.73.19,SUMUR BANDUNG,29301,ORANG,2,2022
350,32,JAWA BARAT,3273,KOTA BANDUNG,3273141,ANTAPANI,32.73.20,ANTAPANI,60926,ORANG,2,2022
351,32,JAWA BARAT,3273,KOTA BANDUNG,3273080,BANDUNG KIDUL,32.73.21,BANDUNG KIDUL,46304,ORANG,2,2022
352,32,JAWA BARAT,3273,KOTA BANDUNG,3273090,BUAHBATU,32.73.22,BUAHBATU,78700,ORANG,2,2022
353,32,JAWA BARAT,3273,KOTA BANDUNG,3273100,RANCASARI,32.73.23,RANCASARI,64962,ORANG,2,2022
354,32,JAWA BARAT,3273,KOTA BANDUNG,3273130,ARCAMANIK,32.73.24,ARCAMANIK,60263,ORANG,2,2022
355,32,JAWA BARAT,3273,KOTA BANDUNG,3273110,CIBIRU,32.73.25,CIBIRU,56158,ORANG,2,2022
356,32,JAWA BARAT,3273,KOTA BANDUNG,3273120,UJUNG BERUNG,32.73.26,UJUNGBERUNG,66800,ORANG,2,2022
357,32,JAWA BARAT,3273,KOTA BANDUNG,3273101,GEDEBAGE,32.73.27,GEDEBAGE,31387,ORANG,2,2022
358,32,JAWA BARAT,3273,KOTA BANDUNG,3273111,PANYILEUKAN,32.73.28,PANYILEUKAN,31033,ORANG,2,2022
359,32,JAWA BARAT,3273,KOTA BANDUNG,3273121,CINAMBO,32.73.29,CINAMBO,19026,ORANG,2,2022
360,32,JAWA BARAT,3273,KOTA BANDUNG,3273142,MANDALAJATI,32.73.30,MANDALAJATI,54419,ORANG,2,2022
361,32,JAWA BARAT,3273,KOTA BANDUNG,3273250,SUKASARI,32.73.01,SUKASARI,58904,ORANG,1,2023
362,32,JAWA BARAT,3273,KOTA BANDUNG,3273230,COBLONG,32.73.02,COBLONG,86895,ORANG,1,2023
363,32,JAWA BARAT,3273,KOTA BANDUNG,3273020,BABAKAN CIPARAY,32.73.03,BABAKAN CIPARAY,104724,ORANG,1,2023
364,32,JAWA BARAT,3273,KOTA BANDUNG,3273030,BOJONGLOA KALER,32.73.04,BOJONGLOA KALER,91946,ORANG,1,2023
365,32,JAWA BARAT,3273,KOTA BANDUNG,3273180,ANDIR,32.73.05,ANDIR,74643,ORANG,1,2023
366,32,JAWA BARAT,3273,KOTA BANDUNG,3273190,CICENDO,32.73.06,CICENDO,73145,ORANG,1,2023
367,32,JAWA BARAT,3273,KOTA BANDUNG,3273240,SUKAJADI,32.73.07,SUKAJADI,77604,ORANG,1,2023
368,32,JAWA BARAT,3273,KOTA BANDUNG,3273260,CIDADAP,32.73.08,CIDADAP,41210,ORANG,1,2023
369,32,JAWA BARAT,3273,KOTA BANDUNG,3273200,BANDUNG WETAN,32.73.09,BANDUNG WETAN,22324,ORANG,1,2023
370,32,JAWA BARAT,3273,KOTA BANDUNG,3273050,ASTANAANYAR,32.73.10,ASTANA ANYAR,55767,ORANG,1,2023
371,32,JAWA BARAT,3273,KOTA BANDUNG,3273060,REGOL,32.73.11,REGOL,61924,ORANG,1,2023
372,32,JAWA BARAT,3273,KOTA BANDUNG,3273160,BATUNUNGGAL,32.73.12,BATUNUNGGAL,91273,ORANG,1,2023
373,32,JAWA BARAT,3273,KOTA BANDUNG,3273070,LENGKONG,32.73.13,LENGKONG,54813,ORANG,1,2023
374,32,JAWA BARAT,3273,KOTA BANDUNG,3273210,CIBEUNYING KIDUL,32.73.14,CIBEUNYING KIDUL,85296,ORANG,1,2023
375,32,JAWA BARAT,3273,KOTA BANDUNG,3273010,BANDUNG KULON,32.73.15,BANDUNG KULON,100219,ORANG,1,2023
376,32,JAWA BARAT,3273,KOTA BANDUNG,3273150,KIARACONDONG,32.73.16,KIARACONDONG,97956,ORANG,1,2023
377,32,JAWA BARAT,3273,KOTA BANDUNG,3273040,BOJONGLOA KIDUL,32.73.17,BOJONGLOA KIDUL,65085,ORANG,1,2023
378,32,JAWA BARAT,3273,KOTA BANDUNG,3273220,CIBEUNYING KALER,32.73.18,CIBEUNYING KALER,53931,ORANG,1,2023
379,32,JAWA BARAT,3273,KOTA BANDUNG,3273170,SUMUR BANDUNG,32.73.19,SUMUR BANDUNG,29205,ORANG,1,2023
380,32,JAWA BARAT,3273,KOTA BANDUNG,3273141,ANTAPANI,32.73.20,ANTAPANI,60659,ORANG,1,2023
381,32,JAWA BARAT,3273,KOTA BANDUNG,3273080,BANDUNG KIDUL,32.73.21,BANDUNG KIDUL,46044,ORANG,1,2023
382,32,JAWA BARAT,3273,KOTA BANDUNG,3273090,BUAHBATU,32.73.22,BUAHBATU,78667,ORANG,1,2023
383,32,JAWA BARAT,3273,KOTA BANDUNG,3273100,RANCASARI,32.73.23,RANCASARI,64902,ORANG,1,2023
384,32,JAWA BARAT,3273,KOTA BANDUNG,3273130,ARCAMANIK,32.73.24,ARCAMANIK,60292,ORANG,1,2023
385,32,JAWA BARAT,3273,KOTA BANDUNG,3273110,CIBIRU,32.73.25,CIBIRU,56202,ORANG,1,2023
386,32,JAWA BARAT,3273,KOTA BANDUNG,3273120,UJUNG BERUNG,32.73.26,UJUNGBERUNG,66803,ORANG,1,2023
387,32,JAWA BARAT,3273,KOTA BANDUNG,3273101,GEDEBAGE,32.73.27,GEDEBAGE,31537,ORANG,1,2023
388,32,JAWA BARAT,3273,KOTA BANDUNG,3273111,PANYILEUKAN,32.73.28,PANYILEUKAN,30948,ORANG,1,2023
389,32,JAWA BARAT,3273,KOTA BANDUNG,3273121,CINAMBO,32.73.29,CINAMBO,19056,ORANG,1,2023
390,32,JAWA BARAT,3273,KOTA BANDUNG,3273142,MANDALAJATI,32.73.30,MANDALAJATI,54362,ORANG,1,2023
391,32,JAWA BARAT,3273,KOTA BANDUNG,3273250,SUKASARI,32.73.01,SUKASARI,59933,ORANG,2,2023
392,32,JAWA BARAT,3273,KOTA BANDUNG,3273230,COBLONG,32.73.02,COBLONG,88308,ORANG,2,2023
393,32,JAWA BARAT,3273,KOTA BANDUNG,3273020,BABAKAN CIPARAY,32.73.03,BABAKAN CIPARAY,107082,ORANG,2,2023
394,32,JAWA BARAT,3273,KOTA BANDUNG,3273030,BOJONGLOA KALER,32.73.04,BOJONGLOA KALER,93412,ORANG,2,2023
395,32,JAWA BARAT,3273,KOTA BANDUNG,3273180,ANDIR,32.73.05,ANDIR,75759,ORANG,2,2023
396,32,JAWA BARAT,3273,KOTA BANDUNG,3273190,CICENDO,32.73.06,CICENDO,74336,ORANG,2,2023
397,32,JAWA BARAT,3273,KOTA BANDUNG,3273240,SUKAJADI,32.73.07,SUKAJADI,78849,ORANG,2,2023
398,32,JAWA BARAT,3273,KOTA BANDUNG,3273260,CIDADAP,32.73.08,CIDADAP,42042,ORANG,2,2023
399,32,JAWA BARAT,3273,KOTA BANDUNG,3273200,BANDUNG WETAN,32.73.09,BANDUNG WETAN,22757,ORANG,2,2023
400,32,JAWA BARAT,3273,KOTA BANDUNG,3273050,ASTANAANYAR,32.73.10,ASTANA ANYAR,56696,ORANG,2,2023
401,32,JAWA BARAT,3273,KOTA BANDUNG,3273060,REGOL,32.73.11,REGOL,62891,ORANG,2,2023
402,32,JAWA BARAT,3273,KOTA BANDUNG,3273160,BATUNUNGGAL,32.73.12,BATUNUNGGAL,92819,ORANG,2,2023
403,32,JAWA BARAT,3273,KOTA BANDUNG,3273070,LENGKONG,32.73.13,LENGKONG,55856,ORANG,2,2023
404,32,JAWA BARAT,3273,KOTA BANDUNG,3273210,CIBEUNYING KIDUL,32.73.14,CIBEUNYING KIDUL,86716,ORANG,2,2023
405,32,JAWA BARAT,3273,KOTA BANDUNG,3273010,BANDUNG KULON,32.73.15,BANDUNG KULON,102165,ORANG,2,2023
406,32,JAWA BARAT,3273,KOTA BANDUNG,3273150,KIARACONDONG,32.73.16,KIARACONDONG,99529,ORANG,2,2023
407,32,JAWA BARAT,3273,KOTA BANDUNG,3273040,BOJONGLOA KIDUL,32.73.17,BOJONGLOA KIDUL,66315,ORANG,2,2023
408,32,JAWA BARAT,3273,KOTA BANDUNG,3273220,CIBEUNYING KALER,32.73.18,CIBEUNYING KALER,54821,ORANG,2,2023
409,32,JAWA BARAT,3273,KOTA BANDUNG,3273170,SUMUR BANDUNG,32.73.19,SUMUR BANDUNG,29932,ORANG,2,2023
410,32,JAWA BARAT,3273,KOTA BANDUNG,3273141,ANTAPANI,32.73.20,ANTAPANI,61604,ORANG,2,2023
411,32,JAWA BARAT,3273,KOTA BANDUNG,3273080,BANDUNG KIDUL,32.73.21,BANDUNG KIDUL,47048,ORANG,2,2023
412,32,JAWA BARAT,3273,KOTA BANDUNG,3273090,BUAHBATU,32.73.22,BUAHBATU,80238,ORANG,2,2023
413,32,JAWA BARAT,3273,KOTA BANDUNG,3273100,RANCASARI,32.73.23,RANCASARI,66194,ORANG,2,2023
414,32,JAWA BARAT,3273,KOTA BANDUNG,3273130,ARCAMANIK,32.73.24,ARCAMANIK,61579,ORANG,2,2023
415,32,JAWA BARAT,3273,KOTA BANDUNG,3273110,CIBIRU,32.73.25,CIBIRU,57562,ORANG,2,2023
416,32,JAWA BARAT,3273,KOTA BANDUNG,3273120,UJUNG BERUNG,32.73.26,UJUNGBERUNG,68387,ORANG,2,2023
417,32,JAWA BARAT,3273,KOTA BANDUNG,3273101,GEDEBAGE,32.73.27,GEDEBAGE,32241,ORANG,2,2023
418,32,JAWA BARAT,3273,KOTA BANDUNG,3273111,PANYILEUKAN,32.73.28,PANYILEUKAN,31506,ORANG,2,2023
419,32,JAWA BARAT,3273,KOTA BANDUNG,3273121,CINAMBO,32.73.29,CINAMBO,19458,ORANG,2,2023
420,32,JAWA BARAT,3273,KOTA BANDUNG,3273142,MANDALAJATI,32.73.30,MANDALAJATI,55736,ORANG,2,2023
421,32,JAWA BARAT,3273,KOTA BANDUNG,3273250,SUKASARI,32.73.01,SUKASARI,59739,ORANG,1,2024
422,32,JAWA BARAT,3273,KOTA BANDUNG,3273230,COBLONG,32.73.02,COBLONG,88056,ORANG,1,2024
423,32,JAWA BARAT,3273,KOTA BANDUNG,3273020,BABAKAN CIPARAY,32.73.03,BABAKAN CIPARAY,106744,ORANG,1,2024
424,32,JAWA BARAT,3273,KOTA BANDUNG,3273030,BOJONGLOA KALER,32.73.04,BOJONGLOA KALER,92892,ORANG,1,2024
425,32,JAWA BARAT,3273,KOTA BANDUNG,3273180,ANDIR,32.73.05,ANDIR,75265,ORANG,1,2024
426,32,JAWA BARAT,3273,KOTA BANDUNG,3273190,CICENDO,32.73.06,CICENDO,74014,ORANG,1,2024
427,32,JAWA BARAT,3273,KOTA BANDUNG,3273240,SUKAJADI,32.73.07,SUKAJADI,78464,ORANG,1,2024
428,32,JAWA BARAT,3273,KOTA BANDUNG,3273260,CIDADAP,32.73.08,CIDADAP,41941,ORANG,1,2024
429,32,JAWA BARAT,3273,KOTA BANDUNG,3273200,BANDUNG WETAN,32.73.09,BANDUNG WETAN,22674,ORANG,1,2024
430,32,JAWA BARAT,3273,KOTA BANDUNG,3273050,ASTANAANYAR,32.73.10,ASTANA ANYAR,56267,ORANG,1,2024
431,32,JAWA BARAT,3273,KOTA BANDUNG,3273060,REGOL,32.73.11,REGOL,62622,ORANG,1,2024
432,32,JAWA BARAT,3273,KOTA BANDUNG,3273160,BATUNUNGGAL,32.73.12,BATUNUNGGAL,92532,ORANG,1,2024
433,32,JAWA BARAT,3273,KOTA BANDUNG,3273070,LENGKONG,32.73.13,LENGKONG,55571,ORANG,1,2024
434,32,JAWA BARAT,3273,KOTA BANDUNG,3273210,CIBEUNYING KIDUL,32.73.14,CIBEUNYING KIDUL,86399,ORANG,1,2024
435,32,JAWA BARAT,3273,KOTA BANDUNG,3273010,BANDUNG KULON,32.73.15,BANDUNG KULON,101571,ORANG,1,2024
436,32,JAWA BARAT,3273,KOTA BANDUNG,3273150,KIARACONDONG,32.73.16,KIARACONDONG,99040,ORANG,1,2024
437,32,JAWA BARAT,3273,KOTA BANDUNG,3273040,BOJONGLOA KIDUL,32.73.17,BOJONGLOA KIDUL,66140,ORANG,1,2024
438,32,JAWA BARAT,3273,KOTA BANDUNG,3273220,CIBEUNYING KALER,32.73.18,CIBEUNYING KALER,54694,ORANG,1,2024
439,32,JAWA BARAT,3273,KOTA BANDUNG,3273170,SUMUR BANDUNG,32.73.19,SUMUR BANDUNG,30289,ORANG,1,2024
440,32,JAWA BARAT,3273,KOTA BANDUNG,3273141,ANTAPANI,32.73.20,ANTAPANI,61366,ORANG,1,2024
441,32,JAWA BARAT,3273,KOTA BANDUNG,3273080,BANDUNG KIDUL,32.73.21,BANDUNG KIDUL,46903,ORANG,1,2024
442,32,JAWA BARAT,3273,KOTA BANDUNG,3273090,BUAHBATU,32.73.22,BUAHBATU,80000,ORANG,1,2024
443,32,JAWA BARAT,3273,KOTA BANDUNG,3273100,RANCASARI,32.73.23,RANCASARI,66125,ORANG,1,2024
444,32,JAWA BARAT,3273,KOTA BANDUNG,3273130,ARCAMANIK,32.73.24,ARCAMANIK,61467,ORANG,1,2024
445,32,JAWA BARAT,3273,KOTA BANDUNG,3273110,CIBIRU,32.73.25,CIBIRU,57575,ORANG,1,2024
446,32,JAWA BARAT,3273,KOTA BANDUNG,3273120,UJUNG BERUNG,32.73.26,UJUNGBERUNG,68308,ORANG,1,2024
447,32,JAWA BARAT,3273,KOTA BANDUNG,3273101,GEDEBAGE,32.73.27,GEDEBAGE,32361,ORANG,1,2024
448,32,JAWA BARAT,3273,KOTA BANDUNG,3273111,PANYILEUKAN,32.73.28,PANYILEUKAN,31366,ORANG,1,2024
449,32,JAWA BARAT,3273,KOTA BANDUNG,3273121,CINAMBO,32.73.29,CINAMBO,19453,ORANG,1,2024
450,32,JAWA BARAT,3273,KOTA BANDUNG,3273142,MANDALAJATI,32.73.30,MANDALAJATI,55742,ORANG,1,2024
451,32,JAWA BARAT,3273,KOTA BANDUNG,3273250,SUKASARI,32.73.01,SUKASARI,59544,ORANG,2,2024
452,32,JAWA BARAT,3273,KOTA BANDUNG,3273230,COBLONG,32.73.02,COBLONG,87866,ORANG,2,2024
453,32,JAWA BARAT,3273,KOTA BANDUNG,3273020,BABAKAN CIPARAY,32.73.03,BABAKAN CIPARAY,106598,ORANG,2,2024
454,32,JAWA BARAT,3273,KOTA BANDUNG,3273030,BOJONGLOA KALER,32.73.04,BOJONGLOA KALER,92381,ORANG,2,2024
455,32,JAWA BARAT,3273,KOTA BANDUNG,3273180,ANDIR,32.73.05,ANDIR,74861,ORANG,2,2024
456,32,JAWA BARAT,3273,KOTA BANDUNG,3273190,CICENDO,32.73.06,CICENDO,73717,ORANG,2,2024
457,32,JAWA BARAT,3273,KOTA BANDUNG,3273240,SUKAJADI,32.73.07,SUKAJADI,78101,ORANG,2,2024
458,32,JAWA BARAT,3273,KOTA BANDUNG,3273260,CIDADAP,32.73.08,CIDADAP,41790,ORANG,2,2024
459,32,JAWA BARAT,3273,KOTA BANDUNG,3273200,BANDUNG WETAN,32.73.09,BANDUNG WETAN,22550,ORANG,2,2024
460,32,JAWA BARAT,3273,KOTA BANDUNG,3273050,ASTANAANYAR,32.73.10,ASTANA ANYAR,55905,ORANG,2,2024
461,32,JAWA BARAT,3273,KOTA BANDUNG,3273060,REGOL,32.73.11,REGOL,62225,ORANG,2,2024
462,32,JAWA BARAT,3273,KOTA BANDUNG,3273160,BATUNUNGGAL,32.73.12,BATUNUNGGAL,92206,ORANG,2,2024
463,32,JAWA BARAT,3273,KOTA BANDUNG,3273070,LENGKONG,32.73.13,LENGKONG,55168,ORANG,2,2024
464,32,JAWA BARAT,3273,KOTA BANDUNG,3273210,CIBEUNYING KIDUL,32.73.14,CIBEUNYING KIDUL,86054,ORANG,2,2024
465,32,JAWA BARAT,3273,KOTA BANDUNG,3273010,BANDUNG KULON,32.73.15,BANDUNG KULON,100776,ORANG,2,2024
466,32,JAWA BARAT,3273,KOTA BANDUNG,3273150,KIARACONDONG,32.73.16,KIARACONDONG,98635,ORANG,2,2024
467,32,JAWA BARAT,3273,KOTA BANDUNG,3273040,BOJONGLOA KIDUL,32.73.17,BOJONGLOA KIDUL,65768,ORANG,2,2024
468,32,JAWA BARAT,3273,KOTA BANDUNG,3273220,CIBEUNYING KALER,32.73.18,CIBEUNYING KALER,54591,ORANG,2,2024
469,32,JAWA BARAT,3273,KOTA BANDUNG,3273170,SUMUR BANDUNG,32.73.19,SUMUR BANDUNG,30093,ORANG,2,2024
470,32,JAWA BARAT,3273,KOTA BANDUNG,3273141,ANTAPANI,32.73.20,ANTAPANI,61195,ORANG,2,2024
471,32,JAWA BARAT,3273,KOTA BANDUNG,3273080,BANDUNG KIDUL,32.73.21,BANDUNG KIDUL,46910,ORANG,2,2024
472,32,JAWA BARAT,3273,KOTA BANDUNG,3273090,BUAHBATU,32.73.22,BUAHBATU,79931,ORANG,2,2024
473,32,JAWA BARAT,3273,KOTA BANDUNG,3273100,RANCASARI,32.73.23,RANCASARI,66119,ORANG,2,2024
474,32,JAWA BARAT,3273,KOTA BANDUNG,3273130,ARCAMANIK,32.73.24,ARCAMANIK,61664,ORANG,2,2024
475,32,JAWA BARAT,3273,KOTA BANDUNG,3273110,CIBIRU,32.73.25,CIBIRU,57483,ORANG,2,2024
476,32,JAWA BARAT,3273,KOTA BANDUNG,3273120,UJUNG BERUNG,32.73.26,UJUNGBERUNG,68406,ORANG,2,2024
477,32,JAWA BARAT,3273,KOTA BANDUNG,3273101,GEDEBAGE,32.73.27,GEDEBAGE,32513,ORANG,2,2024
478,32,JAWA BARAT,3273,KOTA BANDUNG,3273111,PANYILEUKAN,32.73.28,PANYILEUKAN,31314,ORANG,2,2024
479,32,JAWA BARAT,3273,KOTA BANDUNG,3273121,CINAMBO,32.73.29,CINAMBO,19480,ORANG,2,2024
480,32,JAWA BARAT,3273,KOTA BANDUNG,3273142,MANDALAJATI,32.73.30,MANDALAJATI,55647,ORANG,2,2024
481,32,JAWA BARAT,3273,KOTA BANDUNG,3273250,SUKASARI,32.73.01,SUKASARI,60705,ORANG,1,2025
482,32,JAWA BARAT,3273,KOTA BANDUNG,3273230,COBLONG,32.73.02,COBLONG,89703,ORANG,1,2025
483,32,JAWA BARAT,3273,KOTA BANDUNG,3273020,BABAKAN CIPARAY,32.73.03,BABAKAN CIPARAY,108915,ORANG,1,2025
484,32,JAWA BARAT,3273,KOTA BANDUNG,3273030,BOJONGLOA KALER,32.73.04,BOJONGLOA KALER,94392,ORANG,1,2025
485,32,JAWA BARAT,3273,KOTA BANDUNG,3273180,ANDIR,32.73.05,ANDIR,76267,ORANG,1,2025
486,32,JAWA BARAT,3273,KOTA BANDUNG,3273190,CICENDO,32.73.06,CICENDO,74985,ORANG,1,2025
487,32,JAWA BARAT,3273,KOTA BANDUNG,3273240,SUKAJADI,32.73.07,SUKAJADI,79569,ORANG,1,2025
488,32,JAWA BARAT,3273,KOTA BANDUNG,3273260,CIDADAP,32.73.08,CIDADAP,42622,ORANG,1,2025
489,32,JAWA BARAT,3273,KOTA BANDUNG,3273200,BANDUNG WETAN,32.73.09,BANDUNG WETAN,23001,ORANG,1,2025
490,32,JAWA BARAT,3273,KOTA BANDUNG,3273050,ASTANAANYAR,32.73.10,ASTANA ANYAR,56828,ORANG,1,2025
491,32,JAWA BARAT,3273,KOTA BANDUNG,3273060,REGOL,32.73.11,REGOL,63391,ORANG,1,2025
492,32,JAWA BARAT,3273,KOTA BANDUNG,3273160,BATUNUNGGAL,32.73.12,BATUNUNGGAL,93842,ORANG,1,2025
493,32,JAWA BARAT,3273,KOTA BANDUNG,3273070,LENGKONG,32.73.13,LENGKONG,56283,ORANG,1,2025
494,32,JAWA BARAT,3273,KOTA BANDUNG,3273210,CIBEUNYING KIDUL,32.73.14,CIBEUNYING KIDUL,87829,ORANG,1,2025
495,32,JAWA BARAT,3273,KOTA BANDUNG,3273010,BANDUNG KULON,32.73.15,BANDUNG KULON,102787,ORANG,1,2025
496,32,JAWA BARAT,3273,KOTA BANDUNG,3273150,KIARACONDONG,32.73.16,KIARACONDONG,100473,ORANG,1,2025
497,32,JAWA BARAT,3273,KOTA BANDUNG,3273040,BOJONGLOA KIDUL,32.73.17,BOJONGLOA KIDUL,67110,ORANG,1,2025
498,32,JAWA BARAT,3273,KOTA BANDUNG,3273220,CIBEUNYING KALER,32.73.18,CIBEUNYING KALER,55569,ORANG,1,2025
499,32,JAWA BARAT,3273,KOTA BANDUNG,3273170,SUMUR BANDUNG,32.73.19,SUMUR BANDUNG,31011,ORANG,1,2025
500,32,JAWA BARAT,3273,KOTA BANDUNG,3273141,ANTAPANI,32.73.20,ANTAPANI,62268,ORANG,1,2025
501,32,JAWA BARAT,3273,KOTA BANDUNG,3273080,BANDUNG KIDUL,32.73.21,BANDUNG KIDUL,47799,ORANG,1,2025
502,32,JAWA BARAT,3273,KOTA BANDUNG,3273090,BUAHBATU,32.73.22,BUAHBATU,81362,ORANG,1,2025
503,32,JAWA BARAT,3273,KOTA BANDUNG,3273100,RANCASARI,32.73.23,RANCASARI,67392,ORANG,1,2025
504,32,JAWA BARAT,3273,KOTA BANDUNG,3273130,ARCAMANIK,32.73.24,ARCAMANIK,62934,ORANG,1,2025
505,32,JAWA BARAT,3273,KOTA BANDUNG,3273110,CIBIRU,32.73.25,CIBIRU,58723,ORANG,1,2025
506,32,JAWA BARAT,3273,KOTA BANDUNG,3273120,UJUNG BERUNG,32.73.26,UJUNGBERUNG,69876,ORANG,1,2025
507,32,JAWA BARAT,3273,KOTA BANDUNG,3273101,GEDEBAGE,32.73.27,GEDEBAGE,33236,ORANG,1,2025
508,32,JAWA BARAT,3273,KOTA BANDUNG,3273111,PANYILEUKAN,32.73.28,PANYILEUKAN,31946,ORANG,1,2025
509,32,JAWA BARAT,3273,KOTA BANDUNG,3273121,CINAMBO,32.73.29,CINAMBO,19814,ORANG,1,2025
510,32,JAWA BARAT,3273,KOTA BANDUNG,3273142,MANDALAJATI,32.73.30,MANDALAJATI,56807,ORANG,1,2025
